1;2002-03-09;Minitaladro;12;;;;;;;;
2;2002-05-30;Mando a distancia Zap4;24; ; ; ; ; ; ;;
3;2002-07-01;Game Boy Advance;99; ;upload/2015-04-11 10.24.09.png; ; ; ; ;;
4;2002-07-27;Guillotina;15; ;upload/2015-04-11 10.26.52.png; ; ; ; ;;
5;2002-08-03;Impresora Lexmark Z23;40; ;upload/lexmark.JPG; ; ; ; ;;
6;2002-08-22;Lector CD General technic;38; ; ; ; ; ; ;;
7;2002-08-29;Lector CD-MP3 Medion;53; ;upload/2015-04-11 10.23.35.png; ; ; ; ;;
8;2002-09-02;Altavoces super woofer;27; ;upload/AltavocesPhilips.jpg; ; ; ; ;;
9;2002-10-05;Palm m105;134; ;upload/2015-04-10 22.24.27.png; ; ; ; ;;
10;2003-01-22;TV Basic Line 28;270;Alcampo. Tarjeta a 3 meses; ; ; ; ; ;;
11;2003-01-22;DVD Belson BSA3500;119;Alcampo. Tarjeta a 3 meses;upload/Compras_imgAvantio000004.png; ; ; ; ;;
12;2003-02-18;Monopatin Alvaro;39;Por su santo. ; ; ; ; ; ;;
13;2003-02-22;Soporte 70CDs;16; ; ; ; ; ; ;;
14;2003-06-11;Ordenador DELL;349; ;upload/compras_imgiPad de Juan Jose000005_1.jpg;upload/compras_imgiPad de Juan Jose000041.jpg; ; ; ;;
15;2003-06-26;Grabadora Philips;66;Alcampo; ; ; ; ; ;;
16;2003-07-18;Movil TSM4;0;A cambio de los puntos obtenidos con movistar;upload/Compras_imgAvantio000031.png; ; ; ; ;;
17;2003-10-18;Renault Clio RN 1.2;1500;Km 75400. . Por arreglos que le hace Juana;upload/Compras_imgiPad de Juan Jose000009.jpg; ; ; ; ;;
18;2003-11-22;MemoryStick 128MB;54;Alcampo. Verbatim. ;upload/compras_imgiPad de Juan Jose000004_1.jpg; ; ; ; ;;
19;2003-12-16;Camara MovieCam 6000;116;Energi System;upload/digicam01.jpg;upload/digicam02.jpg; ; ; ;;
20;2004-02-02;Sofa 3 plazas (naranja);287; ;upload/2015-04-11 10.30.39.png; ; ; ; ;;
21;2004-03-06;Secure Digital 128Kb;75; ; ; ; ; ; ;;
22;2004-03-06;Telefono inalambrico Sagem;39; ;upload/2015-04-10 22.26.24.png; ; ; ; ;;
23;2004-03-08;Mini Tripode;6; ; ; ; ; ; ;;
24;2004-04-02;Desguace AX;36; ; ; ; ; ; ;;
25;2004-04-07;MP3 Neus;99; ; ; ; ; ; ;;
26;2004-05-03;GameBoy SP;120; ; ; ; ; ; ;;
27;2004-05-28;Piso;69000; ;upload/compras_imgiPad de Juan Jose000006_1.jpg; ; ; ; ;;
28;2004-06-17;Taladro Bosh;60; ; ; ; ; ; ;;
29;2004-07-10;Colchones y canapes de 80cm;336;Colchoneria Sanchez; ; ; ; ; ;;
30;2004-07-10;Fresadora TopCraf;33; ; ; ; ; ; ;;
31;2004-08-10;Teclado-raton inalambricos;52;Se lo compra Alvaro; ; ; ; ; ;;
32;2004-08-10;Movil TSM5 Josema;35; ; ; ; ; ; ;;
33;2004-09-07;Disco duro 40Gb;52;Alvaro paga 15€; ; ; ; ; ;;
34;2004-09-20;Cristobal;200;Por plato ducha; ; ; ; ; ;;
35;2004-09-30;Silla estudio ALDI;48; ;upload/2015-04-11 10.26.10.png; ; ; ; ;;
36;2004-11-23;Caña pescar Alvaro;12;La compra el con sus ahorros; ; ; ; ; ;;
37;2004-12-10;Afeitadora Remington;20;Como regalo de navidad;upload/remington_hc_5200_pro_power.jpg; ; ; ; ;;
38;2004-12-20;Licencia de pesca Alvaro;0; ; ; ; ; ; ;;
39;2004-12-24;Bicicleta Alvaro;100;Como regalo de Navidad;upload/Imagen023A.jpg; ; ; ; ;;
40;2005-01-07;Caña pescar Juanjo;8; ; ; ; ; ; ;;
41;2005-01-31;PS-2;149; ; ; ; ; ; ;;
42;2005-02-11;Grabadora DVD;50;De color negro; ; ; ; ; ;;
43;2005-02-23;Cocina Nodor;150;Cinco fuegos; ; ; ; ; ;;
44;2005-05-05;Almohada latex;12;Plus;upload/compras_imgiPad de Juan Jose000014_1.jpg; ; ; ; ;;
45;2005-05-13;Gafas graduadas 1.5;15; ;upload/compras_imgiPad de Juan Jose000007_1.jpg; ; ; ; ;;
46;2005-06-03;Peugeot 307 XR;11600;   11.600. -480  (plan prever). -----------. =11.120 €;upload/compras_imgiPad de Juan Jose000012_1.jpg;upload/Vehiculos_imgiPad de Juan Jose000004.jpg; ; ; ;;
47;2005-06-03;Telefono SonyEricsson;46; ; ; ; ; ; ;;
48;2005-06-03;Caña pescar Alvaro;20;Aldi. Caña desmontable de 2; ; ; ; ; ;;
49;2005-06-10;Esclava y pendientes Amanda;63; ; ; ; ; ; ;;
50;2005-06-22;Palm Zire 72;324;En El Corte Ingles;upload/PalmZire02.jpg;upload/Palm.jpg; ; ; ;;
51;2005-07-06;Manos libres coche;9; ; ; ; ; ; ;;
52;2005-07-09;Tensiometro de pulsera;16; ; ; ; ; ; ;;
53;2005-07-13;Bluetooth-USB;26; ;upload/compras_imgiPad de Juan Jose000008_1.jpg; ; ; ; ;;
54;2005-07-26;Cable USB-Serie;6; ; ; ; ; ; ;;
55;2005-08-02;Turmix;50; ; ; ; ; ; ;;
56;2005-08-25;PC Alvaro;240;Caja 40 (APP Informâ€¹Â¨Â«tica). Celerâ€¹Â¨Â«n 74 (Inside-PC). Placa 45. Memoria 22. Grâ€¹Â¨Â«fica 32. ;upload/compras_imgiPad de Juan Jose000011_1.jpg; ; ; ; ;;
57;2005-08-27;Reloj de bolsillo;7;En Pozoblanco. Primero de una coleccion;upload/compras_imgiPad de Juan Jose000010_1.jpg; ; ; ; ;;
58;2005-09-06;Caña pescar Juanjo;22;En Caleta de Velez (Malaga); ; ; ; ; ;;
59;2005-09-08;Aire acondicionado Clio;1600; ; ; ; ; ; ;;
60;2005-09-12;USB-SD;10; ;upload/compras_imgiPad de Juan Jose000015_1.jpg; ; ; ; ;;
61;2005-09-15;Monitor TFT 17 Juanjo;189;En Alcampo; ; ; ; ; ;;
62;2005-09-15;Monitor TFT 17 Alvaro;189;En Alcampo; ; ; ; ; ;;
63;2005-09-15;Libros Alvaro 6;124; ; ; ; ; ; ;;
64;2005-09-15;Plancha de asar Team;29; ; ; ; ; ; ;;
65;2005-09-15;Despertador Alvaro;5; ; ; ; ; ; ;;
66;2005-09-19;Gafas juanjo;186;El corte ingles; ; ; ; ; ;;
67;2005-10-08;Raton inalambrico Alvaro;25;En Aldi; ; ; ; ; ;;
68;2006-01-04;ADSL Telefonica;40; ; ; ; ; ; ;;
69;2006-01-04;Bluetooth Conceptronic;30; ; ; ; ; ; ;;
70;2006-01-06;Electronics DAHER;30;Por Reyes;upload/20150109_200615.jpg; ; ; ; ;;
71;2006-03-14;Mando porton;46;En Alcampo. Garantia de 6 meses; ; ; ; ; ;;
72;2006-03-15;Memoria USB 256;20;ADL.. Para Josema;upload/compras_imgiPad de Juan Jose000016_1.jpg; ; ; ; ;;
73;2006-04-07;Lazer Grabador DVD-HDD;236; ;upload/Compras_imgAvantio000004.png; ; ; ; ;;
74;2006-04-15;Maleta fuelle marron;40; ;upload/compras_imgiPad de Juan Jose000017_1.jpg; ; ; ; ;;
75;2006-05-09;Multiplicador de monitor de teclado y raton;22; ; ; ; ; ; ;;
76;2006-06-02;Zip Iomega;12;Comprado en Ebay. Incluye 6 discos. ;upload/IMG_0024.JPG; ; ; ; ;;
77;2006-06-05;Portatil Airis;599; ; ; ; ; ; ;;
78;2006-06-05;Ventilador torre Ufesa;35; ; ; ; ; ; ;;
79;2006-06-09;Cartera piel marron;40; ; ; ; ; ; ;;
80;2006-06-12;Tensiometro OMRON;78; ;upload/78826-thickbox.jpg; ; ; ; ;;
81;2006-06-19;Movil Grundig Alvaro;80; ; ; ; ; ; ;;
82;2006-07-17;Aspiradora;55; ;upload/Aspiradora.jpg; ; ; ; ;;
83;2006-07-20;Impresora HP;79; ;upload/HP3070_05.jpg;upload/HP3070.png; ; ; ;;
84;2006-09-04;Teclado NGS;9;Adquirido en el centro comercial EL INGENIO en Torre del mar; ; ; ; ; ;;
85;2006-09-06;Reloj cadena plata;8;Adquirido en Torrox; ; ; ; ; ;;
86;2006-09-07;Tarjeta RAM Traveler 1Gb;30;ALDI. Linares; ; ; ; ; ;;
87;2006-10-20;Renault Megane;13700; ;upload/compras_imgiPad de Juan Jose000018_1.jpg; ; ; ; ;;
88;2006-12-22;USB 1Gb (ADL);28; ; ; ; ; ; ;;
89;2007-01-06;MP4 Inovix -Alvaro-;74; ; ; ; ; ; ;;
90;2007-01-06;Medidor de red;18; ;upload/2015-04-10 22.31.51.png; ; ; ; ;;
91;2007-06-21;Teclado para Palm Zire 72;65; ;upload/2015-04-10 22.25.04.png;upload/IMG_0020.JPG; ; ; ;;
92;2007-06-29;Movil nokia 6151 Alvaro;75;Obsequio por aprobar 1 de ESO; ; ; ; ; ;;
93;2007-07-04;Walkie Talkies TopCom;15; ;upload/2015-04-10 22.25.34.png; ; ; ; ;;
94;2007-07-17;CD auto (Peugeot);60; ; ; ; ; ; ;;
95;2007-08-16;Poratil ACER Aspire 9300;800;A 3 meses sin intereses en Alcampo;upload/Acer01.jpg; ; ; ; ;;
96;2007-12-22;Movil Nokia 6086;0;Por añadir a Alvaro al contrato; ; ; ; ; ;;
97;2008-01-06;Equipo musica NEC;179; ;upload/2015-04-11 10.27.47.png; ; ; ; ;;
98;2008-01-06;Guitarra Daytona;174; ;upload/GuitarraDaytona02.png;upload/GuitarraDaytona.jpg; ; ; ;;
99;2008-01-06;CD portatil;39; ; ; ; ; ; ;;
100;2008-03-31;Luna Peugeot;416;En Carglas. ; ; ; ; ; ;;
101;2008-05-15;Gigaset M740 AV;50; ;upload/SiemensLinux.jpg;upload/compras_imgiPad de Juan Jose000042.jpg; ; ; ;;
102;2008-06-05;Navegador Navman N20;129; ;upload/Navman.jpg; ; ; ; ;;
103;2008-06-20;Bici BMX;190; ;upload/compras_imgiPad de Juan Jose000039.jpg;upload/compras_imgiPad de Juan Jose000040.jpg; ; ; ;;
104;2008-07-03;Asus EeePC;299; ;upload/EeePC.jpg; ; ; ; ;;
105;2008-08-29;Camara SONY Cybershot;229; ;upload/SonyCybershot02.jpg;upload/SonyCybershot.jpg; ; ; ;;
106;2008-11-06;Accidente Megane;4800;Mati nos presta 4500€. Se los vamos a devolver con el curso de FPO; ; ; ; ; ;;
107;2008-11-21;PC Alvaro;350;HDD 250Gb. RAM 2Gb. Video nVidia 512. CPU Pentium 2Core. ;upload/compras_imgiPad de Juan Jose000011_1.jpg; ; ; ; ;;
108;2009-05-09;Nokia 6120 Classic Alo;21; ; ; ; ; ; ;;
109;2009-05-09;Samsung J700 Josema;20; ;upload/SamsungMini01.jpg; ; ; ; ;;
110;2009-05-15;Tarjeta red Conceptronic Alo;14; ;upload/2015-04-10 22.25.55.png; ; ; ; ;;
111;2009-06-13;Nintendo DSI;164; ; ; ; ; ; ;;
112;2009-06-15;DSi Josema;164; ; ; ; ; ; ;;
113;2009-06-22;Lamparas pasillo;28;28.45 Cada una. ;upload/compras_imgiPad de Juan Jose000026.jpg; ; ; ; ;;
114;2009-06-22;Monomando baño chico;19; ;upload/IMG_20160715_075412.jpg; ; ; ; ;;
115;2009-06-22;Lampara Alo;13; ;upload/compras_imgiPad de Juan Jose000025.jpg; ; ; ; ;;
116;2009-06-29;Mosquiteras;32;32.50 Cada una.. ; ; ; ; ; ;;
117;2009-07-09;Mesa y cuatro sillas (140 60x90);767;Con motivos en naranja. Merkamueble. . AUTOCREDITO. Aprovechando la bajada de 75€ de la hipoteca pagamos la mesa con ahorros del Santander. Durante 1 año ingresare 75€ de Cajasur al Santander.;upload/Mesa01.jpg;upload/Mesa02.jpg; ; ; ;;
118;2009-07-30;TDT Blusens;34; ;upload/2015-04-10 22.32.36.png; ; ; ; ;;
119;2009-08-25;Monociclo Luxus;110;Tienda.monociclos.com. +20 Gastos envio. . Freestyle Luxus Cromado. ; ; ; ; ; ;;
120;2009-08-26;TV LG 32LF2510;499; ;upload/TVLGAtras.jpg;upload/TVLGMando.JPG; ; ; ;;
121;2009-09-03;Veraneo 2009;1100;Gasoil 41. Mercadona 114. Comida 50. Mercadona 64. Piso 450. Farmacia 20. Mercado 56. Cena 53  Inma. Comida 42. Ingenio 53. Cena 50. Helados 10. Mercado 50. Helados 10. . TOTAL ~1100. DIA ~   185. ; ; ; ; ; ;;
122;2009-09-17;Olla super rapida Magefesa;55; ; ; ; ; ; ;;
123;2009-11-24;Lavadora LG;527; ;upload/compras_imgiPad de Juan Jose000028.jpg;upload/compras_imgiPad de Juan Jose000029.jpg; ; ; ;;
124;2009-12-19;Comida en Pozoblanco;68; ; ; ; ; ; ;;
125;2009-12-19;Mando a distancia;8;SilverCrest. ;upload/MandoDistanciaSilver.png; ; ; ; ;;
126;2009-12-27;Megaupload;20; ;upload/MegaUpload.png; ; ; ; ;;
127;2010-01-07;iPod Alo;179;Web Apple;upload/Ipod.jpg; ; ; ; ;;
128;2010-01-14;Mesa estudio Alo;42;Rapimueble Ubeda;upload/compras_imgiPad de Juan Jose000030.jpg; ; ; ; ;;
129;2010-03-13;IPod Juanjo;179;El Corte Ingles;upload/Ipod.jpg; ; ; ; ;;
130;2010-03-26;Mochila termo;45; ;upload/PortaComidas.jpg; ; ; ; ;;
131;2010-03-31;Megaupload;20; ; ; ; ; ; ;;
132;2010-06-18;LaCie 500Gb;109;Alcampo;upload/HDDLacie500Gb.jpg; ; ; ; ;;
133;2010-06-29;Altavoces amplicador Philips SPA4310;50;30W;upload/AltavocesPhilips.jpg; ; ; ; ;;
134;2010-06-29;Cuerdas guitarra;6; ;upload/CuerdasGuitarra.jpg; ; ; ; ;;
135;2010-06-30;Gafas Juanjo pasta;870;AlanAffelou. Alcampo; ; ; ; ; ;;
136;2010-07-02;Canape y colchon Alo;528; ; ; ; ; ; ;;
137;2010-07-02;Megaupload;20; ; ; ; ; ; ;;
138;2010-07-05;Verano 2010;1000; ; ; ; ; ; ;;
139;2010-07-07;Auriculares Philips;30;SBC HP400. Base. Torre del mar;upload/01AuricularesPhilips.jpg; ; ; ; ;;
140;2010-07-20;Telefonos Sagem;44; ;upload/2015-04-10 22.26.24.png; ; ; ; ;;
141;2010-07-27;Heladera Quigg;20;Aldi;upload/Heladera.jpg; ; ; ; ;;
142;2010-08-05;Lapices ipod (3);4;DealExtreme;upload/LapizCapacitivo.jpg; ; ; ; ;;
143;2010-08-24;Portatil Acer 5740G;588;Alcampo 3 meses sin intereses; ; ; ; ; ;;
144;2010-09-02;Silla giratoria azul;60; ;upload/2015-04-11 10.25.10.png; ; ; ; ;;
145;2010-09-02;Silla giratoria Alo;50; ; ; ; ; ; ;;
146;2010-09-06;Armarios balcon 2;130;Alcampo;upload/ArmarioBalconaAlto.jpg; ; ; ; ;;
147;2010-09-06;Reposapies 2;70;Alcampo;upload/2015-04-11 10.30.13.png; ; ; ; ;;
148;2010-09-06;Movil LG GS290;14;27000 puntos + 14 €; ; ; ; ; ;;
149;2010-09-07;Libros 1 bachiller;230;El corte ingles; ; ; ; ; ;;
150;2010-09-07;Boda Jose-Nieves;75;Pluma 40. Abanico 35; ; ; ; ; ;;
151;2010-09-07;Bolso Gabol;20;Las maletas;upload/BolsoMachote.jpg; ; ; ; ;;
152;2010-09-09;Peugeot averia ;428;Anticontaminacion. Bateria . Fernandez; ; ; ; ; ;;
153;2010-09-22;Traje gris Juanjo;240; ; ; ; ; ; ;;
154;2010-09-25;Boda Jose-Nieves;250;Regalo de boda; ; ; ; ; ;;
155;2010-10-02;Megaupload;20; ; ; ; ; ; ;;
156;2010-11-05;Lavaplatos;229;Alcampo a tocateja;upload/compras_imgiPad de Juan Jose000033.jpg; ; ; ; ;;
157;2011-01-04;Guitarra electrica;135;Juan Mayas. www.atly.es. Atalaya;upload/GuitarraElectricaAlo.jpg; ; ; ; ;;
158;2011-01-14;Megaupload;20; ; ; ; ; ; ;;
159;2011-04-09;Viaje a Portugal Alo;360;200€ para gastos; ; ; ; ; ;;
160;2011-04-19;Tablet Archos 70b;139;El corte ingles. Pago a tres meses sin intereses;upload/01Archos.jpg; ; ; ; ;;
161;2011-04-20;Megaupload;20; ; ; ; ; ; ;;
162;2011-06-16;Montura gafas Josema;104;Se rompio la patilla-nariz de las anteriores; ; ; ; ; ;;
163;2011-06-22;Aglomerado wengue 16;23;Para patas camas dormi; ; ; ; ; ;;
164;2011-07-30;Vodafone Alo;0;@XS. 20€+IVA. 150 min al mes. Internet tarifa plana. Mensajes aparte. Permanencia 18 meses; ; ; ; ; ;;
165;2011-10-01;Peugeot averia;1135;Averia en la distribucion. Fernandez; ; ; ; ; ;;
166;2011-10-10;Disco duro WD3.5;79;Alcampo;upload/01HDD_WD.jpg; ; ; ; ;;
167;2012-01-07;Canon EOS D1100;499;El corte ingles;upload/CanonEOS1100D.jpg; ; ; ; ;;
168;2012-01-09;Faber-Castell;35; ;upload/2015-04-10 22.27.40.png;upload/2015-04-10 22.28.05.png; ; ; ;;
169;2012-01-09;Canon seguro;35;Seguro de reposicion; ; ; ; ; ;;
170;2012-01-14;Ipad 2 16Gb;479;El corte ingles;upload/Ipad.jpg; ; ; ; ;;
171;2012-01-14;Seguro ipad;58;Contra caidas; ; ; ; ; ;;
172;2012-01-14;Tapa ipad;39;El corte ingles;upload/TapaIpad.jpg; ; ; ; ;;
173;2012-06-19;Portatil Asus Josema;399; ; ; ; ; ; ;;
174;2012-07-01;Voxter Android TV 200;159;El corte ingles;upload/Voxter04.jpg;upload/WoxterTras.jpg;upload/VoxterMando02.jpg;upload/01WoxterTeclado.jpg; ;;
175;2012-07-05;Galaxy S3 Alo;500;El corte ingles;upload/SamsungGalaxyS3.jpg; ; ; ; ;;
176;2012-07-05;Galaxy S3 El papa;485;Vodafone; ; ; ; ; ;;
177;2012-07-05;Samsung mini Josema;100; ;upload/SamsungMini01.jpg; ; ; ; ;;
178;2012-08-17;Horno  Zanussi;0;El corte inglÃ‡Â¸s;upload/HornoZanussi.jpg; ; ; ; ;;
179;2012-08-17;Cocina Edesa Zen;0;El corte ingles;upload/01CocinaZanussi.jpg; ; ; ; ;;
180;2012-09-11;Aspirador automatico ;129;Aldi;upload/AspiradorPrimo.jpg; ; ; ; ;;
181;2012-10-19;Cafetera Solac Squissita Plus;127;El corte ingles;upload/CafeteraSolacSquissita.jpg; ; ; ; ;;
182;2012-10-25;Arduino;43; ;upload/ArduinoUNO.jpg;upload/ArduinoUNO02.jpg; ; ; ;;
183;2012-11-05;Impresora HP Deskjet 3070A;69;Wifi;upload/HP3070_05.jpg; ; ; ; ;;
184;2012-11-08;Bateria de cocina Invoca 5pcs;180;El corte ingles;upload/BateriaCocina.jpg; ; ; ; ;;
185;2012-11-23;Raton;15; ; ; ; ; ; ;;
186;2012-11-29;Cazadora 'piel';49;El corte ingles. Saldos; ; ; ; ; ;;
187;2012-12-03;Calefactor convector con ventilador;20;Carrefour Ubeda; ; ; ; ; ;;
188;2012-12-15;Banqueta plegable;0; ;upload/compras_imgiPad de Juan Jose000050.jpg; ; ; ; ;;
189;2013-01-06;Guitarra acustica Fender;170;A Juan Mayas;upload/GuitarraAlvaro.jpg; ; ; ; ;;
190;2013-03-13;Amasadora Clatronic KM 3323;93; ;upload/Amasadora.jpg; ; ; ; ;;
191;2013-03-19;Afeitadora Braun Series 3 -330S-;89;Alcampo;upload/AfeitadoraBraun02.jpg; ; ; ; ;;
192;2013-05-07;Kindle Paperwhite;129;Josema; ; ; ; ; ;;
193;2013-05-07;Kindle Paperwhite;129;Alo. En 2017 se lo regala a la yaya;upload/KindlePaperwhite.png; ; ; ; ;;
194;2013-05-18;Cortapelo Braun Series 5;57; ;upload/CortaPelo.jpg; ; ; ; ;;
195;2013-06-04;Tv Samsung EA22ES5000w;169;https:--dl.dropboxusercontent.com-1-view-58e5fufcr9fxff3-Public-Manuales-ManualSamsungTV.pdf;upload/01tvSamsung.jpg; ; ; ; ;;
196;2013-06-13;Teclado ipad;18; ;upload/TecladoIpad.jpg;upload/TecladoIpad03.png; ; ; ;;
197;2013-06-25;Teclado PC Inves;9; ; ; ; ; ; ;;
198;2013-07-03;Gafas progresivas. Josema;455;General Ã‡Ã¼ptica; ; ; ; ; ;;
199;2013-07-08;Gafas sol. Josema;128;General Ã‡Ã¼ptica; ; ; ; ; ;;
200;2013-07-10;Medidor glucemia;48;Farmacia Peralto;upload/78826-thickbox.jpg; ; ; ; ;;
201;2013-08-10;Plancha de viaje Saivod Voyager;10; ;upload/PlanchaViaje.JPG; ; ; ; ;;
202;2013-08-10;Quitapelusas Saivod QP-12;8;Recargable;upload/QuitaPelotillas.JPG; ; ; ; ;;
203;2013-09-28;Portatil Lenovo G500;599;Alcampo;upload/PCLenovo02.JPG; ; ; ; ;;
204;2013-09-28;Tajeta SD 16Gb;17;Alcampo; ; ; ; ; ;;
205;2013-10-02;Grifo lavabo;70;Paceva;upload/GrifoBanoChico.jpg; ; ; ; ;;
206;2013-11-12;Tinta impresora;35;Alcampo; ; ; ; ; ;;
207;2013-11-15;Carat Electronics TPA-02 - Tripode;66; ;upload/TripodeAlo.png; ; ; ; ;;
208;2013-12-17;Teleobjetivo Sigma 882954;266; ;upload/TeleobjetivoCanon.jpg;upload/TeleobjetivoCanon02.jpg; ; ; ;;
209;2013-12-17;Tableta grafica Wacom Intuos;86; ;upload/TabletaGradicaAlo02.jpg; ; ; ; ;;
210;2014-01-06;Inkling Wacom;100;Regalo de Alvaro por Reyes;upload/InkLink02.jpg;upload/InkLink04.jpg; ; ; ;;
211;2014-01-06;Filtros fotograficos Alo;32; ;upload/Filtros02.png;upload/Filtros01.png; ; ; ;;
212;2014-02-07;Cargador 12W;0; ; ; ; ; ; ;;
213;2014-02-15;Disco duro 2.5 Alo;74; ; ; ; ; ; ;;
214;2014-03-18;Freidora Moulinex;66;Alcampo; ; ; ; ; ;;
215;2014-03-24;Disco duro WD Elements 2.5.  1Tb;65;Alcampo; ; ; ; ; ;;
216;2014-05-16;Soporte Galaxy S3. Amazon;22; ;upload/SoporteS3-02.jpg;upload/SoporteCargadorS3.jpg; ; ; ;;
217;2014-05-23;Altavoz Bluetooth. Compro otro para Alvaro a 20€;35; ;upload/AltavozBluetoothNegro.jpg;upload/AltavozBluetoothNegro02.jpg; ; ; ;;
218;2014-06-03;Canon 70D;1007;Amazon;upload/Canon70D.jpg;upload/CanonEOS70D.jpg;upload/CanonEOS70D_03.jpg; ; ;;
219;2014-06-05;Caja de luz para fotografia;35;Amazon.. ; ; ; ; ; ;;
220;2014-06-23;Maleta de ruedas grande y negra;63; ; ; ; ; ; ;;
221;2014-06-26;Tubos extension Canon (macro);28; ; ; ; ; ; ;;
222;2014-07-21;Radio portatil Sunstech PRDS800;40; ; ; ; ; ; ;;
223;2014-09-02;Taladro sin cable;25; ; ; ; ; ; ;;
224;2014-11-18;Calefactor convector Taurus;55; ; ; ; ; ; ;;
225;2015-01-06;Monitor Samsung Alo;240; ; ; ; ; ; ;;
226;2015-01-08;Digitalizador de negativos Rollei DF-S 100 SE;59; ; ; ; ; ; ;;
227;2015-03-19; Motorola Moto G;129; Josema; ; ; ; ; ;;
228;2015-06-01;Cartucho tinta HP 264 colot y negro;31;Alcampo. Trae papel fotografico y sobres. compramos 2 cajas; ; ; ; ; ;;
229;2015-06-17;Seat Altea;13795;Avolo. SEGURO. LineaDirecta. 2017-10-30.  Todo riesgo. 489€. PAGOS. 2015-07-15 — 2022-06-15. ITV. 2017-01-24. MATRICULACION. 2014-04-01;upload/AlteaDatos_imgiPad de Juan Jose000003.jpg;upload/AlteaDatos_imgiPad de Juan Jose000004.jpg;upload/Compras_imgMoli000050.jpg;upload/manual_altea.pdf; ;;
230;2015-06-20; Alo piso Cordoba;235;reserva de piso entre tres. cuando tengan un cuarto inquilino; ; ; ; ; ;;
231;2015-06-24; Alarga lapices;7; Amazon; ; ; ; ; ;;
232;2015-06-24; Alfombrilla entrada piso;6; Chinos bajo La Inma; ; ; ; ; ;;
233;2015-07-10;Seguro decesos;146; Josema y Juanjo; ; ; ; ; ;;
234;2015-07-22;Sartenero;18; amazon; ; ; ; ; ;;
235;2015-07-22; Carpeta ejcutiva Collins;16; amazon; ; ; ; ; ;;
236;2015-08-01; Velvet Smooth;38; alcampo; ; ; ; ; ;;
237;2015-08-03; Sacabocados;6; amazon; ; ; ; ; ;;
238;2015-08-03; Estuche para lapices;6; amazon; ; ; ; ; ;;
239;2015-08-07; Boligrafo para ipad;24; amazon; ; ; ; ; ;;
240;2015-08-10; Cortapelo Remington;19; alcampo. En 2015-09-08 compramos otra para Alvaro; ; ; ; ; ;;
241;2015-08-30; Alo piso;262; ; ; ; ; ; ;;
242;2015-08-31; Veraneo AlmuÃ±ecar;600; 300â‚¬ alojamiento; ; ; ; ; ;;
243;2015-09-04;Alo matricula Diseño;455; Cordoba; ; ; ; ; ;;
244;2015-09-10; Tablet Xaomi Alo;189; ; ; ; ; ; ;;
245;2015-09-22; Calibre digital;9; Lidl Bailen; ; ; ; ; ;;
246;2015-10-01; Secador Bayliss expert 2200;24; alcampo; ; ; ; ; ;;
247;2015-10-01; Reloj retro;13; amazon; ; ; ; ; ;;
248;2015-10-01;Placa led circular;10; 18w. 4500k. 1400lum. 225mm; ; ; ; ; ;;
249;2015-12-07;Ipad air 2. 64Gb;569; ; ; ; ; ; ;;
250;2016-01-06; Telescopio Yukon 50x50 WA;77; reyes; ; ; ; ; ;;
251;2016-01-06; Tripode Yukka Yukon;37; reyes; ; ; ; ; ;;
252;2016-01-25; Flexo;30; ; ; ; ; ; ;;
253;2016-01-27;Gafas Josema;785; ; ; ; ; ; ;;
254;2016-02-16;Comprobador universal de baterias;2; ; ; ; ; ; ;;
255;2016-02-22; Batidora;66; amazon; ; ; ; ; ;;
256;2016-03-01; Envasadora al vacio. Taurus;61; amazon; ; ; ; ; ;;
257;2016-03-05;Puntas exagonales;12; ; ; ; ; ; ;;
258;2016-03-07; Puntas destornillador;10; 100 puntas; ; ; ; ; ;;
259;2016-03-08; Medidor de pilas;2; amazon; ; ; ; ; ;;
260;2016-03-28; Movil Xiaomi;228; Alo; ; ; ; ; ;;
261;2016-03-28; Llaves de tubo;8; amazon; ; ; ; ; ;;
262;2016-03-29;Bateria para galaxy s3;15; 6000ma. Amazon; ; ; ; ; ;;
263;2016-04-15; Telefonillo Tegui serie 7;14; ; ; ; ; ; ;;
264;2016-04-25; Teclado USB;18; ; ; ; ; ; ;;
265;2016-04-25;Teclado bluetooth para iPad;15; ; ; ; ; ; ;;
266;2016-07-11; Grifo baño grande;45; ; ; ; ; ; ;;
267;2016-07-11;Cestas ducha;13;Compro 2; ; ; ; ; ;;
268;2016-07-17; Raton;6; compro 2; ; ; ; ; ;;
269;2016-07-17;Bluetooth audio;4; ; ; ; ; ; ;;
270;2016-08-22; Tarjeta SD wifi;13; ; ; ; ; ; ;;
271;2016-09-11; Veraneo 2016;500; Algarrobo; ; ; ; ; ;;
272;2016-09-30; placa led circular;10; 18w. 4500k. 1400lum. 225mm; ; ; ; ; ;;
273;2016-10-05;4 patas mesa estudio;35; ; ; ; ; ; ;;
274;2016-10-12;Tijeras de cocina. Arcos;16; ; ; ; ; ; ;;
275;2016-10-26;TP-LINK extensor  wifi;18;Dias antes compro  uno para Alo; ; ; ; ; ;;
276;2016-12-09;Cajonera estudio;70;Amazon; ; ; ; ; ;;
277;2017-01-06;SmartWatch KW18;0;Reyes de Alo y Josema; ; ; ; ; ;;
278;2017-01-09; auriculares bluetooth;10; ; ; ; ; ; ;;
279;2017-01-13; citroen celysee;10430;REVISIONES. Cada 25.000km o 1 año. SEGURO. DirectSeguros. 2017-04-30. Todo riesgo. 531€. PAGOS. 2017-02-15 — 2022-01-15; ; ; ; ; ;;
280;2017-01-15; compresor suaoki;28; ; ; ; ; ; ;;
281;2017-01-29; termo Teka;146; 100lit; ; ; ; ; ;;
282;2017-01-29; compas maped;7; ; ; ; ; ; ;;
283;2017-02-01; calefactor Orbegozo;27; para dormi Alvaro; ; ; ; ; ;;
284;2017-02-08; Impresora Brother MFC 2700DW;126; amazon; ; ; ; ; ;;
285;2017-02-17;Porta documentos;17;Antonio Miró; ; ; ; ; ;;
286;2017-05-14;4 patas mesa estudio;33; ; ; ; ; ; ;;
287;2017-05-16;Falsa escuadra;6; ; ; ; ; ; ;;
288;2017-05-17;Taladro atornillador a bateria;49; ; ; ; ; ; ;;
289;2017-05-20;Disco duro SSD 240Gb; ;WD; ; ; ; ; ;;
290;2017-05-22;Caja disco duro externo 2;5;90; ; ; ; ; ;;
291;2017-05-26;Acabado armarios dormitorios;155;Dormi. Tapajuntas superior inferior y laterales.; ; ; ; ; ;;
292;2017-05-31;Mini  destornillador Wolfcraft;7; ; ; ; ; ; ;;
293;2017-06-07;Contraventanas dormitorios y estudio;570; ; ; ; ; ; ;;
294;2017-06-18;Grifo termostatico. Grohe  Grhterm 800;116; ; ; ; ; ; ;;
295;2017-06-25;Bluetooth;3; ; ; ; ; ; ;;
296;2017-07-07;Reloj pared;15; ; ; ; ; ; ;;
297;2017-07-30;Carro de herramientas;179; ; ; ; ; ; ;;
298;2017-07-30;Afilador de cuchillos;10; ; ; ; ; ; ;;
299;2017-07-30;Soporte movil para coche;9; ; ; ; ; ; ;;
300;2017-07-30;2 Cables USB;7; ; ; ; ; ; ;;
301;2017-08-11;Lavadora Candy -1282 D3-S;367;https:--drive.google.com-open?id=0B9MOXTz0GIkDNEl5NXhZei1rZWs; ; ; ; ; ;;
302;2017-08-18;Escoba y recogedor;16; ; ; ; ; ; ;;
303;2017-08-21;Ventilador techo Alvaro;138; ; ; ; ; ; ;;
304;2017-08-21;Limpia parabrisas interior;9; ; ; ; ; ; ;;
305;2017-08-21;Ventilador techo dormitorio;0; ; ; ; ; ; ;;
306;2017-08-22;3 Aires acondicionados;1452;Coste de cada equipo: 299€. Instalación de cada equipo: 185€.; ; ; ; ; ;upload/IMG_20230813_141315.jpg;
307;2017-08-24;Fiambrera Pirex;10; ; ; ; ; ; ;;
308;2017-08-30;Veraneo  en Granada;600; ; ; ; ; ; ;;
309;2017-08-31;Bolso de piel;33; ; ; ; ; ; ;;
310;2017-09-30;Sillones comedor;922;La entrega la hacen el día 22-11-2017; ; ; ; ; ;;
311;2017-10-20;Gafas moli;826; ; ; ; ; ; ;;
312;2017-10-23;Mando a distancia para PC;7; ; ; ; ; ; ;;
313;2017-12-15;Enchufes inalambricos;19; ; ; ; ; ; ;;
314;2018-01-06;Afilabrocas; ; ; ; ; ; ; ;;
315;2018-01-21;Disco duro SSD 240Gb;70; ; ; ; ; ; ;;
316;2018-02-10;Mini teléfono móvil;15; ; ; ; ; ; ;;
317;2018-03-15;Matricula Alvaro;398; ; ; ; ; ; ;;
318;2018-03-19;Calculadora;2; ; ; ; ; ; ;;
319;2018-03-27;Estuche moleskine;8; ; ; ; ; ; ;;
320;2018-03-27;Portaminas 2mm;6; ; ; ; ; ; ;;
321;2018-04-03;Portaminas 0;7;50; ; ; ; ; ;;
322;2018-05-08;Power bank;12; ; ; ; ; ; ;;
323;2018-05-21;Cinta de andar;197; ; ; ; ; ; ;;
324;2018-05-31;Raton gaming;12; ; ; ; ; ; ;;
325;2018-06-18;Veraneo Caceres;790; ; ; ; ; ; ;;
326;2018-07-12;Secadora Indesit IDV75;239; ; ; ; ; ; ;;
327;2018-07-19;Fire TV stick;30; ; ; ; ; ; ;;
328;2018-09-29;Raton trackball;8; ; ; ; ; ; ;;
329;2018-12-10;Cortapelos Philips;40;Alcampo; ; ; ; ; ;;
330;2018-12-21;Velvet Smooth rosa;18; ; ; ; ; ; ;;
331;2019-01-06;Reyes 2019; ; ; ; ; ; ; ;;
332;2019-01-23;Cafetera express D’ Longhi;110; ; ; ; ; ; ;;
333;2019-02-08;Mando a distancia para TV LG;8; ; ; ; ; ; ;;
334;2019-02-22;Raton;19; ; ; ; ; ; ;;
335;2019-04-02;RaspBerry pi 3 B+;37; ; ; ; ; ; ;;
336;2019-06-12;Plancha a vapor Philips Azur GC4543-30;49; ; ; ; ; ; ;;
337;2019-07-02;Ventilador cocina Orbegozo VF0242;33; ; ; ; ; ; ;;
338;2019-07-02;Cartera;18; ; ; ; ; ; ;;
339;2019-07-15;Cuchillas afeitadora Philips series 300;20; ; ; ; ; ; ;;
340;2019-07-23;Veraneo en Fuengirola. Del 23 al 27 de julio);939; ; ; ; ; ; ;;
341;2019-07-30;Materiales para pintar balcón;40; ; ; ; ; ; ;;
342;2019-08-02;Tendedero portatil;24; ; ; ; ; ; ;;
343;2019-08-15;Escalera dos peldaños; ; ; ; ; ; ; ;;
344;2019-08-16;Yedra de tela para balcón;19; ; ; ; ; ; ;;
345;2019-08-30;Banco balcon de pino gallego;135; ; ; ; ; ; ;;
346;2019-09-21;Fundas de tela para sillas comedor;18; ; ; ; ; ; ;;
347;2019-09-23;Yedra de tela para balcón;19; ; ; ; ; ; ;;
348;2019-11-13;SSD Yucun 240Gb;27; ; ; ; ; ; ;;
349;2019-12-11;Funda silla Alo;11; ; ; ; ; ; ;;
350;2020-01-06;Monitor LG wide; ;Reyes; ; ; ; ; ;;
351;2020-01-22;Detector de presencia;9; ; ; ; ; ; ;;
352;2020-01-24;Carcasa SSD;11; ; ; ; ; ; ;;
353;2020-02-01;Bombilla inteligente 15w;7; ; ; ; ; ; ;;
354;2020-03-02;Cortinas salon;170; ; ; ; ; ; ;;
355;2020-03-19;Auriculares con micro;15; ; ; ; ; ; ;;
356;2020-04-13;Extractor cata 750 L;106; ; ; ; ; ; ;;
357;2020-04-15;Samsung galaxy  S6;670;AIo por finalizar carrera; ; ; ; ; ;;
358;2020-04-20;Amplificador Bluetooth;28; ; ; ; ; ; ;;
359;2020-06-02;Raton iPad Omoton;13; ; ; ; ; ; ;;
360;2020-06-05;Cristal-pantalla iPad;15; ; ; ; ; ; ;;
361;2020-07-08;Cisternas baños;32; ; ; ; ; ; ;;
362;2020-07-21;Teclado led;38; ; ; ; ; ; ;;
363;2020-08-01;Soporte tablet;25; ; ; ; ; ; ;;
364;2020-08-21;Banqueta giratoria;33; ; ; ; ; ; ;;
365;2020-09-14;Funda movil; ; ; ; ; ; ; ;;
366;2020-10-01;Reconstruccion muela;60; ; ; ; ; ; ;;
367;2020-10-06;Receptor bluetooth 1Mii B06+ ;22; ; ; ; ; ; ;;
368;2020-10-13;Cortinas dormi y Alo;160;La sort. Mari. Las hace el doble de anchas ; ; ; ; ; ;;
369;2020-10-22;Tarjeta SD 128 Gb;24; ; ; ; ; ; ;;
370;2020-10-22;Cable USB C → HDMI;11; ; ; ; ; ; ;;
371;2020-11-11;Raton bluetooth;15; ; ; ; ; ; ;;
372;2021-01-04;Afilador electrico;36;Amazon; ; ; ; ; ;;
373;2021-01-10;PowerBank;57.99;10000Mah;upload/tempFileForShare_20230930-215359.png;upload/tempFileForShare_20230930-215435.png;;;;;
374;2021-01-10;SAI;40;Amazon; ; ; ; ; ;;
375;2021-01-10;Lamparas automaticas;18;Amazon; ; ; ; ; ;;
376;2021-01-21;Paraguas; ;Amazon; ; ; ; ; ;;
377;2021-01-21;Ruedas silla estudio;12;Amazon; ; ; ; ; ;;
378;2021-02-03;Gafas Josema;715;General Optica. Peralto; ; ; ; ; ;;
379;2021-02-19;Latas para cafe;19.26;Cada lata a 9.63€;upload/tempFileForShare_20230930-214920.png;upload/tempFileForShare_20230930-215012.png;;;;;
380;2021-02-24;PC sobremesa; ;Montado por Alo (su micro y el resto comprado); ; ; ; ; ;;
381;2021-04-25;Estuche de herramientas;19.99;;upload/tempFileForShare_20230930-214148.png;upload/tempFileForShare_20230930-214224.png;;;;;
382;2021-05-13;Frigorifico combi Samsung;667;Alcampo; ; ; ; ; ;;
383;2021-06-08;Aire acondicionado HAIER;607;Alcampo (aire 397; ; ; ; ; ;;
384;2021-06-15;Mando a distancia TV LG;9.94;;upload/tempFileForShare_20230930-213827.png;;;;;;
385;2021-06-28;Toldo;175;Toldos Antonio; ; ; ; ; ;;
386;2021-07-09;Ventilador Orbegozo;;Amazon; ; ; ; ; ;upload/61QueJmtePL._AC_SL1191_.jpg;
387;2021-07-14;Maleta ITACA 78cm;82.95;Amazon. Se la damos a Alvaro    ; ; ; ; ; ;upload/71UBlKsxREL._AC_SL1500_.jpg;
388;2021-07-14;Maleta ITACA 67cm;72.95;Amazon; ; ; ; ; ;upload/813f9O-fR2L._AC_SL1500_.jpg;
389;2021-07-15;Dentista. Extraccion trozo Primer molar inferior derecho;40;Enrique Flores; ; ; ; ; ;;
390;2021-07-29;Dentista. Primer molar inferior derecho. Funda;350;Enrique Flores; ; ; ; ; ;;
391;2021-08-13;Estantes blancos de acero;17.99;Especificaciones:        Color: Blanco    Material: Acero    Estante de Pared Grande: 42 x 9,5 x 2,7 cm (Largo x Ancho x Alto)    Estante de Pared Mediano: 40 x 9 x 2,7 cm (Largo x Ancho x Alto)    Estante de Pared Pequeño: 40 x 9 x 2,7 cm (Largo x Ancho x Alto);upload/tempFileForShare_20230930-213008.png;;;;;;
392;2021-09-18;Camara web SriHome;19.99;SriHome Webcam PC Full HD 1080P con Micrófono Estéreo;upload/tempFileForShare_20230930-212157.png;;;;;;
393;2021-11-20;Escurre platos;48;Diametro 34cm;upload/tempFileForShare_20230930-211726.png;;;;;;
394;2021-11-20;Repisa estanteria de baño;22.37;Con ventosas. Soporta 10Kg;upload/tempFileForShare_20230930-211422.png;;;;;;
395;2021-12-16;Reloj digital;;Reyes de la Yaya;upload/tempFileForShare_20230930-210412.png;upload/tempFileForShare_20230930-210518.png;;;;;
396;2021-12-16;Mini amoladora a bateria;31.99;【Protección de alto rendimiento y sobrecarga】Mini amoladora eléctrica giratoria se puede ajustar a 6000 RPM, 14000 RPM o 21000 RPM según el escenario de uso. Si hay un atasco del eje, desconectará automáticamente la energía después de 3 segundos para evitar que el motor se queme. La salida del circuito utiliza tecnología de microcontrol inteligente para evitar sobrecorriente, sobretensión, sobrecalentamiento o cortocircuito,multiherrameinta y también se puede utilizar durante la carga.    【Tecnología de aislamiento acústico y diseño de apariencia】Mini amoladora eléctrica adopta una tecnología avanzada de aislamiento acústico, que reduce en gran medida el ruido durante la operación. Tenga la seguridad de usarla. Mini taladro electrico está hecho de plástico ABS y caucho TPU, con función antideslizante, proporciona un agarre cómodo para lograr un mejor control y no es fácil de fatigar después de un uso prolongado, puede completar fácilmente tareas delicadas y trabajos más finos.    【Accesorios ricos y amplia gama de aplicaciones】mini taladro manualidades con una herramienta giratoria inalámbrica de 3.7V, 2.0AH, bolsa de herramientas, caja de accesorios, manual de usuario y 51 accesorios,mini taladro bateria que pueden usarse para realizar varios proyectos domésticos o tareas manuales como para esmerilar, cortar, grabar, pulir, perforar,etc.    【Sistema de flujo de aire innovador y diseño portátil】Mini amoladora el mecanismo de ventilación ayuda a prevenir la acumulación de calor, mini taladro electrico que funcione de manera más suave, más fresca y más silenciosa. mini amoladora eléctrica inalámbrico hace que sea cómodo de llevar.    【Carga rápida y batería de gran capacidad】mini amoladora bateria adopte una batería de alta capacidad de 2000 mA, descarga de alta velocidad de 10 ° C. Equipado con un cable de carga tipo C con un tamaño de 2A y una longitud de 1 metro, que se puede cargar rápidamente, y solo tarda de 1 a 1,5 horas en cargarse por completo. mini taladro electrico antes de que se agote la batería, el indicador LED parpadeará para recordarle que debe cargar.Lea el manual antes de usarlo.;upload/tempFileForShare_20230930-211010.png;;;;;;
397;2022-02-19;Batidora Bosch;48.90;Bosch Hogar ErgoMixx MS61B6170 - Batidora de mano, potencia de 1000 W, 12+1 velocidades        ;upload/tempFileForShare_20230930-222305.png;;;;;;
398;2022-04-05;Cuerdas guitarra;10;;upload/tempFileForShare_20230930-222038.png;;;;;;
399;2022-05-13;Carro de compra plegable;41.82;Peso máximo: 40 Kg    Dimensiones    Dimensiones abierto: 420 x 270 x 970 mm (ancho x profundo x alto).        Dimensiones plegado: 400 x 100 x 520 mm (ancho x profundo x alto).;upload/tempFileForShare_20230930-221649.png;;;;;;
400;2022-05-29;Calculadora teclas;12.99;Con 12 digitos. 1 pila AA;upload/tempFileForShare_20230930-221253.png;upload/tempFileForShare_20230930-221336.png;;;;;
401;2022-06-05;WORKPRO Pistola de Silicona Caliente a Batería, 3.6V 2600mAh. 7mm;27.99;;upload/tempFileForShare_20230930-220850.png;upload/tempFileForShare_20230930-221126.png;;;;;
402;2022-12-27;Colcha bouti;49.90;Gris , Cama 180 (280 ancho x 270 largo)    ;upload/tempFileForShare_20230930-220314.png;;;;;;
403;2023-05-26;Power bank;16.99;Bateria Externa Carga Rapida 10000mAh,PD 22.5W Power Bank con Pantalla LED;upload/71dotJbEFLL._AC_SL1500_.jpg;;;;;;
404;2023-07-13;Maleta Itaca 78cm;94.99;Dimensiones Total: 78x44x28+5 cm Cuerpo: 71x44x28+5 cm Peso: 3,70 kg.        La paga mamá;upload/tempFileForShare_20230930-223635.png;upload/tempFileForShare_20230930-223715.png;;;;;
405;2023-09-07;Trackpad apple magic;115.40;Apple Magic Trackpad: Recargable, con conexión Bluetooth y Compatible con el Mac y iPad, Blanco, Superficie Multi-Touch.;upload/tempFileForShare_20230930-222720.png;upload/tempFileForShare_20230930-222754.png;;;;;
406;2023-10-14;Boda Lidia-Richi;500;Santa Maria    Las Caballerizas    ;;;;;;;
